{"year": 2013, "track": "free", "port": ["chuffed", "gecode", "g12_fd", "izplus", "or_tools", "choco", "jacop", "mistral", "opturion_cpx", "fzn2smt", "lazyfd", "cplex", "gurobi"], "shapley": {"choco": 71.37598228248592, "jacop": 167.97779490013792, "gecode": 219.99693548687048, "lazyfd": 127.77423503227672, "g12_fd": 85.07337971742606, "cplex": 299.5489252444654, "opturion_cpx": 776.9570658737891, "chuffed": 821.9761220916031, "fzn2smt": 49.62524324127693, "izplus": 338.8288415576458, "gurobi": 255.16116914532898, "mistral": 121.15250407660614, "or_tools": 494.15980699539034}}