{"year": 2014, "track": "free", "port": ["Opturion_CPX", "OR_Tools", "iZplus", "HaifaCSP", "Picat_SAT", "Mistral", "SICStus_Prolog", "Choco"], "shapley": {"Opturion_CPX": 29.303746580854675, "Choco": 5.41314236342925, "Mistral": 7.555278189515414, "Picat_SAT": 16.152513936686994, "iZplus": 34.178904518261355, "SICStus_Prolog": 8.447711120782948, "OR_Tools": 14.466166002183385, "HaifaCSP": 8.755842365066464}}