{"year": 2017, "track": "free", "port": ["or_tools_lcg_core", "or_tools_lcg", "izplus", "mistral", "haifacsp", "jacop", "or_tools_cp", "choco4", "choco5", "concrete", "oscar", "picat_sat", "yuck"], "shapley": {"haifacsp": 40.3720789638523, "izplus": 466.54530813572524, "jacop": 191.38249257317912, "choco5": 59.76824449413827, "mistral": 157.67046297498968, "or_tools_cp": 121.91219283228638, "picat_sat": 743.0506952750363, "concrete": 273.00818306821657, "choco4": 316.54734088969275, "yuck": 155.67278391802753, "or_tools_lcg_core": 593.3832404058611, "oscar": 170.60988306266015, "or_tools_lcg": 733.1249909008053}}