{"year": 2016, "track": "free", "port": ["iZplus", "MZN_CPLEX", "MZN_Gurobi", "LCG_Glucose_UC", "Picat_SAT", "LCG_Glucose", "MZN_SCIP", "Chuffed", "HaifaCSP", "Choco", "Mistral", "OR_Tools"], "shapley": {"Choco": 13.397231389096119, "MZN_CPLEX": 99.49039840724083, "LCG_Glucose_UC": 480.3645872191915, "MZN_Gurobi": 173.14506305354212, "LCG_Glucose": 261.51383656234094, "Chuffed": 282.1791278537009, "HaifaCSP": 80.88175345128461, "MZN_SCIP": 24.339331197476838, "Mistral": 17.828370620948, "iZplus": 175.8392680539489, "Picat_SAT": 158.79612238906665, "OR_Tools": 60.09831778872497}}