{"year": 2019, "track": "free", "port": ["or_tools", "picatsat", "izplus", "yuck", "concrete", "oscarcbls", "jacop", "choco", "sicstus"], "shapley": {"picatsat": 51.66700859215844, "oscarcbls": 3.41957795060587, "choco": 4.154549120019621, "izplus": 27.56932129499, "or_tools": 99.4527656047264, "concrete": 5.387949248610514, "sicstus": 22.864585358515978, "yuck": 19.845489233536338, "jacop": 13.301615298448628}}