{"year": 2019, "track": "free", "port": ["or_tools", "chuffed", "picatsat", "mzn_cplex", "izplus", "yuck", "concrete", "oscarcbls", "gecode", "jacop", "sicstus"], "shapley": {"picatsat": 83.75126099980199, "mzn_cplex": 79.92906591192121, "yuck": 82.15308457649787, "or_tools": 236.60017044038614, "oscarcbls": 14.155486262787928, "jacop": 18.279445895686212, "gecode": 18.919716645496045, "sicstus": 34.94463317002532, "chuffed": 301.7941002298179, "izplus": 89.24510286368522, "concrete": 13.568804393425998}}