{"year": 2021, "track": "free", "port": ["izplus", "or_tools_cp_sat", "flatzingo", "picatsat", "coin_or_cbc", "mistral_2_0", "choco_solver_4_10_7", "jacop", "yuck"], "shapley": {"jacop": 13.009889455459241, "or_tools_cp_sat": 126.25108479172141, "picatsat": 30.809523427514904, "mistral_2_0": 4.937945262483868, "yuck": 28.640081776938565, "coin_or_cbc": 12.832737733432452, "flatzingo": 4.326001325782743, "choco_solver_4_10_7": 12.329283597897897, "izplus": 12.516963394423406}}