{"year": 2020, "track": "free", "port": ["or_tools", "chuffed", "gecode", "mzn_cplex", "mistral", "picatsat", "choco", "flatzingo", "geas", "optimathsat_int", "yuck"], "shapley": {"gecode": 55.62334580073425, "picatsat": 36.353016527513354, "chuffed": 138.98078125739335, "mistral": 49.33802859190421, "geas": 171.6607328067532, "or_tools": 365.1104379120482, "choco": 17.928511556627658, "optimathsat_int": 5.668726764575821, "yuck": 10.112041201750735, "mzn_cplex": 36.553252457438155, "flatzingo": 72.01845121442012}}