{"year": 2015, "track": "free", "port": ["OscaR_CBLS", "MinisatID", "OR_Tools", "Opturion_CPX", "Mistral", "JaCoP", "Picat_CP", "iZplus", "Picat_SAT", "Choco", "YACS"], "shapley": {"YACS": 26.7118595346213, "iZplus": 155.84772359734637, "Picat_SAT": 125.92385119231318, "Choco": 58.52507422198916, "Mistral": 91.56806105826301, "MinisatID": 56.57031976896105, "Opturion_CPX": 131.3407905528939, "JaCoP": 102.87466650291239, "OscaR_CBLS": 77.12463934229484, "Picat_CP": 15.976573593943195, "OR_Tools": 129.12410363646083}}