{"year": 2013, "track": "free", "port": ["gecode", "izplus", "or_tools", "choco", "jacop", "mistral", "opturion_cpx", "fzn2smt", "picat"], "shapley": {"picat": 3.6232280365057212, "choco": 8.042286738841028, "opturion_cpx": 77.09511104402893, "gecode": 20.392778393941185, "or_tools": 43.96209864341314, "izplus": 52.44490846427327, "jacop": 12.611213039239585, "fzn2smt": 13.807602765070488, "mistral": 15.288480277978293}}