{"year": 2018, "track": "free", "port": ["or_tools", "chuffed", "gecode", "jacop", "haifacsp", "choco", "concrete", "izplus", "mzn_cplex", "oscarcbls", "picatsat", "yuck"], "shapley": {"gecode": 56.967532633996704, "jacop": 57.7204108505141, "or_tools": 379.8875950211201, "mzn_cplex": 337.1415418815239, "choco": 139.1158274814657, "chuffed": 330.58521391949245, "haifacsp": 131.6718610177508, "izplus": 173.7222455163415, "picatsat": 215.7049899988843, "concrete": 19.86384951715646, "oscarcbls": 24.361414096956075, "yuck": 114.788160969992}}