{"year": 2013, "track": "free", "port": ["gecode", "izplus", "or_tools", "choco", "jacop", "mistral", "opturion_cpx", "fzn2smt", "picat"], "shapley": {"picat": 3.6232280365057212, "choco": 8.042286738841028, "opturion_cpx": 77.09511104402893, "gecode": 20.392778393941185, "or_tools": 43.96209864341314, "izplus": 52.44490846427327, "jacop": 12.611213039239585, "fzn2smt": 13.807602765070488, "mistral": 15.288480277978293}}
{"year": 2014, "track": "free", "port": ["Opturion_CPX", "OR_Tools", "iZplus", "HaifaCSP", "Picat_SAT", "Mistral", "SICStus_Prolog", "Choco"], "shapley": {"Opturion_CPX": 29.303746580854675, "Choco": 5.41314236342925, "Mistral": 7.555278189515414, "Picat_SAT": 16.152513936686994, "iZplus": 34.178904518261355, "SICStus_Prolog": 8.447711120782948, "OR_Tools": 14.466166002183385, "HaifaCSP": 8.755842365066464}}
{"year": 2015, "track": "free", "port": ["OscaR_CBLS", "MinisatID", "OR_Tools", "Opturion_CPX", "Mistral", "JaCoP", "Picat_CP", "iZplus", "Picat_SAT", "Choco", "YACS"], "shapley": {"YACS": 26.7118595346213, "iZplus": 155.84772359734637, "Picat_SAT": 125.92385119231318, "Choco": 58.52507422198916, "Mistral": 91.56806105826301, "MinisatID": 56.57031976896105, "Opturion_CPX": 131.3407905528939, "JaCoP": 102.87466650291239, "OscaR_CBLS": 77.12463934229484, "Picat_CP": 15.976573593943195, "OR_Tools": 129.12410363646083}}
{"year": 2016, "track": "free", "port": ["iZplus", "Picat_SAT", "HaifaCSP", "MinisatID", "Choco", "JaCoP", "Mistral", "OR_Tools", "SICStus_Prolog"], "shapley": {"iZplus": 64.7256620557353, "OR_Tools": 10.689537709802206, "Picat_SAT": 64.91105166937258, "Choco": 11.789054249692757, "Mistral": 11.221480454924839, "MinisatID": 7.807512653726176, "HaifaCSP": 58.510072863027524, "SICStus_Prolog": 2.414742555334392, "JaCoP": 9.354928201948503}}
{"year": 2017, "track": "free", "port": ["or_tools_lcg_core", "or_tools_lcg", "izplus", "mistral", "haifacsp", "jacop", "or_tools_cp", "choco4", "choco5", "concrete", "oscar", "picat_sat", "yuck"], "shapley": {"haifacsp": 40.3720789638523, "izplus": 466.54530813572524, "jacop": 191.38249257317912, "choco5": 59.76824449413827, "mistral": 157.67046297498968, "or_tools_cp": 121.91219283228638, "picat_sat": 743.0506952750363, "concrete": 273.00818306821657, "choco4": 316.54734088969275, "yuck": 155.67278391802753, "or_tools_lcg_core": 593.3832404058611, "oscar": 170.60988306266015, "or_tools_lcg": 733.1249909008053}}
{"year": 2018, "track": "free", "port": ["or_tools", "jacop", "haifacsp", "choco", "concrete", "izplus", "oscarcbls", "picatsat", "yuck"], "shapley": {"izplus": 29.0520535334725, "choco": 23.25147751322421, "concrete": 2.7645715487500353, "oscarcbls": 5.745208666092204, "picatsat": 45.24726779729429, "or_tools": 88.60843619838924, "yuck": 14.538325426917172, "jacop": 16.41629903603273, "haifacsp": 24.895913100828913}}
{"year": 2019, "track": "free", "port": ["or_tools", "picatsat", "izplus", "yuck", "concrete", "oscarcbls", "jacop", "choco", "sicstus"], "shapley": {"picatsat": 51.66700859215844, "oscarcbls": 3.41957795060587, "choco": 4.154549120019621, "izplus": 27.56932129499, "or_tools": 99.4527656047264, "concrete": 5.387949248610514, "sicstus": 22.864585358515978, "yuck": 19.845489233536338, "jacop": 13.301615298448628}}
{"year": 2020, "track": "free", "port": ["or_tools", "jacop", "sicstus", "mistral", "picatsat", "choco", "flatzingo", "optimathsat_int", "oscarcbls", "yuck"], "shapley": {"or_tools": 291.4824071446925, "yuck": 8.046855585303456, "sicstus": 27.279240691441103, "choco": 15.381619293828194, "oscarcbls": 12.92553739380235, "jacop": 15.766484200535988, "flatzingo": 51.9459215185546, "picatsat": 25.45938242977393, "optimathsat_int": 5.577470770354145, "mistral": 43.169490367166155}}
{"year": 2021, "track": "free", "port": ["izplus", "or_tools_cp_sat", "flatzingo", "picatsat", "coin_or_cbc", "mistral_2_0", "choco_solver_4_10_7", "jacop", "yuck"], "shapley": {"jacop": 13.009889455459241, "or_tools_cp_sat": 126.25108479172141, "picatsat": 30.809523427514904, "mistral_2_0": 4.937945262483868, "yuck": 28.640081776938565, "coin_or_cbc": 12.832737733432452, "flatzingo": 4.326001325782743, "choco_solver_4_10_7": 12.329283597897897, "izplus": 12.516963394423406}}
