{"year": 2014, "track": "free", "port": ["Chuffed", "Gecode", "Opturion_CPX", "OR_Tools", "G12_LazyFD", "iZplus", "HaifaCSP", "Picat_SAT", "Mistral", "SICStus_Prolog", "Choco"], "shapley": {"SICStus_Prolog": 12.343241461829793, "Chuffed": 272.3904977984637, "Gecode": 67.19448825997208, "HaifaCSP": 50.624527632643435, "Mistral": 39.36899102214452, "Choco": 25.017878760933716, "G12_LazyFD": 35.502097544238254, "Opturion_CPX": 113.29980438400786, "OR_Tools": 69.12287511436658, "iZplus": 209.1567867925095, "Picat_SAT": 87.75636669046312}}