{"year": 2017, "track": "free", "port": ["or_tools_lcg_core", "or_tools_lcg", "mzn_gurobi", "izplus", "mistral", "chuffed", "lcg_glucose", "haifacsp", "gecode", "or_tools_cp", "choco4", "choco5", "concrete", "oscar", "picat_sat", "yuck"], "shapley": {"choco5": 336.8960922748037, "haifacsp": 267.025111273185, "or_tools_lcg": 3165.3965086516546, "mzn_gurobi": 8425.121624227291, "gecode": 1076.5315390020155, "or_tools_cp": 749.3960727000692, "choco4": 2088.573865001495, "yuck": 673.7732415632793, "izplus": 1432.4641490964955, "or_tools_lcg_core": 2465.982483177733, "lcg_glucose": 2259.010631053087, "mistral": 1135.5421004486982, "concrete": 1959.2157072547748, "oscar": 1308.5995437225881, "chuffed": 2051.150060321165, "picat_sat": 2104.8288430448774}}