{"year": 2013, "track": "free", "port": ["chuffed", "gecode", "g12_fd", "izplus", "or_tools", "choco", "jacop", "mistral", "opturion_cpx", "fzn2smt", "lazyfd", "cplex", "gurobi"], "shapley": {"choco": 71.37598228248592, "jacop": 167.97779490013792, "gecode": 219.99693548687048, "lazyfd": 127.77423503227672, "g12_fd": 85.07337971742606, "cplex": 299.5489252444654, "opturion_cpx": 776.9570658737891, "chuffed": 821.9761220916031, "fzn2smt": 49.62524324127693, "izplus": 338.8288415576458, "gurobi": 255.16116914532898, "mistral": 121.15250407660614, "or_tools": 494.15980699539034}}
{"year": 2014, "track": "free", "port": ["Chuffed", "Gecode", "Opturion_CPX", "OR_Tools", "G12_LazyFD", "iZplus", "HaifaCSP", "Picat_SAT", "Mistral", "SICStus_Prolog", "Choco"], "shapley": {"SICStus_Prolog": 12.343241461829793, "Chuffed": 272.3904977984637, "Gecode": 67.19448825997208, "HaifaCSP": 50.624527632643435, "Mistral": 39.36899102214452, "Choco": 25.017878760933716, "G12_LazyFD": 35.502097544238254, "Opturion_CPX": 113.29980438400786, "OR_Tools": 69.12287511436658, "iZplus": 209.1567867925095, "Picat_SAT": 87.75636669046312}}
{"year": 2015, "track": "free", "port": ["OscaR_CBLS", "MinisatID", "chuffed", "OR_Tools", "Gecode", "Opturion_CPX", "Mistral", "JaCoP", "iZplus", "Picat_SAT", "Choco", "G12_FD", "YACS", "MZN_CPLEX", "MZN_Gurobi"], "shapley": {"iZplus": 1702.4043988906483, "YACS": 436.82253887324254, "Choco": 623.2313720646856, "G12_FD": 309.1210159451074, "MinisatID": 365.4319201817283, "chuffed": 3152.2855220390106, "OR_Tools": 1181.528867708792, "Picat_SAT": 936.9268916502103, "MZN_Gurobi": 908.7088892790722, "Gecode": 160.84567055083366, "MZN_CPLEX": 1872.1441243099753, "OscaR_CBLS": 1247.3231497106642, "Mistral": 989.3007306788871, "JaCoP": 673.7973179827311, "Opturion_CPX": 871.6423984454116}}
{"year": 2016, "track": "free", "port": ["iZplus", "MZN_CPLEX", "MZN_Gurobi", "LCG_Glucose_UC", "Picat_SAT", "LCG_Glucose", "MZN_SCIP", "Chuffed", "HaifaCSP", "Choco", "Mistral", "OR_Tools"], "shapley": {"Choco": 13.397231389096119, "MZN_CPLEX": 99.49039840724083, "LCG_Glucose_UC": 480.3645872191915, "MZN_Gurobi": 173.14506305354212, "LCG_Glucose": 261.51383656234094, "Chuffed": 282.1791278537009, "HaifaCSP": 80.88175345128461, "MZN_SCIP": 24.339331197476838, "Mistral": 17.828370620948, "iZplus": 175.8392680539489, "Picat_SAT": 158.79612238906665, "OR_Tools": 60.09831778872497}}
{"year": 2017, "track": "free", "port": ["or_tools_lcg_core", "or_tools_lcg", "mzn_gurobi", "izplus", "mistral", "chuffed", "lcg_glucose", "haifacsp", "gecode", "or_tools_cp", "choco4", "choco5", "concrete", "oscar", "picat_sat", "yuck"], "shapley": {"choco5": 336.8960922748037, "haifacsp": 267.025111273185, "or_tools_lcg": 3165.3965086516546, "mzn_gurobi": 8425.121624227291, "gecode": 1076.5315390020155, "or_tools_cp": 749.3960727000692, "choco4": 2088.573865001495, "yuck": 673.7732415632793, "izplus": 1432.4641490964955, "or_tools_lcg_core": 2465.982483177733, "lcg_glucose": 2259.010631053087, "mistral": 1135.5421004486982, "concrete": 1959.2157072547748, "oscar": 1308.5995437225881, "chuffed": 2051.150060321165, "picat_sat": 2104.8288430448774}}
{"year": 2018, "track": "free", "port": ["or_tools", "chuffed", "gecode", "jacop", "haifacsp", "choco", "concrete", "izplus", "mzn_cplex", "oscarcbls", "picatsat", "yuck"], "shapley": {"gecode": 56.967532633996704, "jacop": 57.7204108505141, "or_tools": 379.8875950211201, "mzn_cplex": 337.1415418815239, "choco": 139.1158274814657, "chuffed": 330.58521391949245, "haifacsp": 131.6718610177508, "izplus": 173.7222455163415, "picatsat": 215.7049899988843, "concrete": 19.86384951715646, "oscarcbls": 24.361414096956075, "yuck": 114.788160969992}}
{"year": 2019, "track": "free", "port": ["or_tools", "chuffed", "picatsat", "mzn_cplex", "izplus", "yuck", "concrete", "oscarcbls", "gecode", "jacop", "sicstus"], "shapley": {"picatsat": 83.75126099980199, "mzn_cplex": 79.92906591192121, "yuck": 82.15308457649787, "or_tools": 236.60017044038614, "oscarcbls": 14.155486262787928, "jacop": 18.279445895686212, "gecode": 18.919716645496045, "sicstus": 34.94463317002532, "chuffed": 301.7941002298179, "izplus": 89.24510286368522, "concrete": 13.568804393425998}}
{"year": 2020, "track": "free", "port": ["or_tools", "chuffed", "gecode", "mzn_cplex", "mistral", "picatsat", "choco", "flatzingo", "geas", "optimathsat_int", "yuck"], "shapley": {"gecode": 55.62334580073425, "picatsat": 36.353016527513354, "chuffed": 138.98078125739335, "mistral": 49.33802859190421, "geas": 171.6607328067532, "or_tools": 365.1104379120482, "choco": 17.928511556627658, "optimathsat_int": 5.668726764575821, "yuck": 10.112041201750735, "mzn_cplex": 36.553252457438155, "flatzingo": 72.01845121442012}}
{"year": 2021, "track": "free", "port": ["gurobi", "izplus", "cplex", "or_tools_cp_sat", "picatsat", "mistral_2_0", "choco_solver_4_10_7", "jacop", "gecode", "chuffed", "geas", "yuck"], "shapley": {"cplex": 218.91042871066517, "gecode": 94.51461699138751, "chuffed": 102.16472946740707, "or_tools_cp_sat": 604.1317733127482, "picatsat": 130.54503759833847, "mistral_2_0": 29.322146995918878, "izplus": 38.462227415268174, "yuck": 160.22919760204033, "gurobi": 348.32223377386015, "geas": 66.58739521042801, "choco_solver_4_10_7": 85.28380082484148, "jacop": 33.29034005483884}}
