{"year": 2020, "track": "free", "port": ["or_tools", "jacop", "sicstus", "mistral", "picatsat", "choco", "flatzingo", "optimathsat_int", "oscarcbls", "yuck"], "shapley": {"or_tools": 291.4824071446925, "yuck": 8.046855585303456, "sicstus": 27.279240691441103, "choco": 15.381619293828194, "oscarcbls": 12.92553739380235, "jacop": 15.766484200535988, "flatzingo": 51.9459215185546, "picatsat": 25.45938242977393, "optimathsat_int": 5.577470770354145, "mistral": 43.169490367166155}}