{"year": 2021, "track": "free", "port": ["gurobi", "izplus", "cplex", "or_tools_cp_sat", "picatsat", "mistral_2_0", "choco_solver_4_10_7", "jacop", "gecode", "chuffed", "geas", "yuck"], "shapley": {"cplex": 218.91042871066517, "gecode": 94.51461699138751, "chuffed": 102.16472946740707, "or_tools_cp_sat": 604.1317733127482, "picatsat": 130.54503759833847, "mistral_2_0": 29.322146995918878, "izplus": 38.462227415268174, "yuck": 160.22919760204033, "gurobi": 348.32223377386015, "geas": 66.58739521042801, "choco_solver_4_10_7": 85.28380082484148, "jacop": 33.29034005483884}}