{"year": 2015, "track": "free", "port": ["OscaR_CBLS", "MinisatID", "chuffed", "OR_Tools", "Gecode", "Opturion_CPX", "Mistral", "JaCoP", "iZplus", "Picat_SAT", "Choco", "G12_FD", "YACS", "MZN_CPLEX", "MZN_Gurobi"], "shapley": {"iZplus": 1702.4043988906483, "YACS": 436.82253887324254, "Choco": 623.2313720646856, "G12_FD": 309.1210159451074, "MinisatID": 365.4319201817283, "chuffed": 3152.2855220390106, "OR_Tools": 1181.528867708792, "Picat_SAT": 936.9268916502103, "MZN_Gurobi": 908.7088892790722, "Gecode": 160.84567055083366, "MZN_CPLEX": 1872.1441243099753, "OscaR_CBLS": 1247.3231497106642, "Mistral": 989.3007306788871, "JaCoP": 673.7973179827311, "Opturion_CPX": 871.6423984454116}}