{"year": 2016, "track": "free", "port": ["iZplus", "Picat_SAT", "HaifaCSP", "MinisatID", "Choco", "JaCoP", "Mistral", "OR_Tools", "SICStus_Prolog"], "shapley": {"iZplus": 64.7256620557353, "OR_Tools": 10.689537709802206, "Picat_SAT": 64.91105166937258, "Choco": 11.789054249692757, "Mistral": 11.221480454924839, "MinisatID": 7.807512653726176, "HaifaCSP": 58.510072863027524, "SICStus_Prolog": 2.414742555334392, "JaCoP": 9.354928201948503}}