{"year": 2018, "track": "free", "port": ["or_tools", "jacop", "haifacsp", "choco", "concrete", "izplus", "oscarcbls", "picatsat", "yuck"], "shapley": {"izplus": 29.0520535334725, "choco": 23.25147751322421, "concrete": 2.7645715487500353, "oscarcbls": 5.745208666092204, "picatsat": 45.24726779729429, "or_tools": 88.60843619838924, "yuck": 14.538325426917172, "jacop": 16.41629903603273, "haifacsp": 24.895913100828913}}